"baseMean","log2FoldChange","lfcSE","stat","pvalue","padj","Kingdom","Phylum","Class","Order","Family","Genus","Study","feature","breaks","stars"
0.936042910217195,2.66735558660828,2.09098719392524,1.27564415236856,0.202081338841983,0.0355085358125243,"Bacteria","Actinobacteria","Actinobacteria","Actinomycetales","Actinomycetaceae","Actinomyces","Lloyd-Price et al.","Biopsy","[2,3)","*"
2684.70313477262,1.59551549304498,0.774149072770698,2.06099257774034,0.0393037481910251,0.0395649710926828,"Bacteria","Actinobacteria","Actinobacteria","Bifidobacteriales","Bifidobacteriaceae","Bifidobacterium","Gevers et al. stool","Stool","[1,2)","*"
3.34247360125951,2.88244736352648,2.01918793947965,1.4275280211258,0.153427754244213,0.000141640935443301,"Bacteria","Actinobacteria","Actinobacteria","Bifidobacteriales","Bifidobacteriaceae","Bifidobacterium","Morgan et al. 2012 biopsy","Biopsy","[2,3)","***"
6.42643983959804,2.69031737372484,0.92556017113632,2.9066909506509,0.00365273882562949,0.029813013286514,"Bacteria","Actinobacteria","Actinobacteria","Corynebacteriales","Corynebacteriaceae","Corynebacterium","Jacobs et al.","Stool","[2,3)","*"
3.69079466908782,3.3157418610713,2.3228347043538,1.42745493463501,0.153448806047705,0.0174019776763225,"Bacteria","Actinobacteria","Actinobacteria","Corynebacteriales","Corynebacteriaceae","Corynebacterium","Lloyd-Price et al.","Biopsy","[3,4)","*"
161.566482724237,5.77169146750145,1.30097212234419,4.43644515387583,9.14566230372882e-06,2.05693703107338e-06,"Bacteria","Actinobacteria","Coriobacteriia","Coriobacteriales","Eggerthellaceae","Eggerthella","Halfvarson et al.","Stool","[5,30)","***"
8.49398465810996,-25.1746131812222,3.54121597744911,-7.10903072321406,1.16860733937374e-12,2.66453525910038e-13,"Bacteria","Actinobacteria","Coriobacteriia","Coriobacteriales","Eggerthellaceae","Senegalimassilia","Jacobs et al.","Stool","[-31,-5)","***"
0.58683578206344,2.31317410600923,2.75315559342278,0.840190111861219,0.400801801664927,0.0481743251461378,"Bacteria","Actinobacteria","Coriobacteriia","Coriobacteriales","Eggerthellaceae","Eggerthella","Morgan et al. 2012 biopsy","Biopsy","[2,3)","*"
918.020076196079,3.02900955334534,1.0212845315903,2.9658821412175,0.00301816127308227,0.0368646841212191,"Bacteria","Actinobacteria","Coriobacteriia","Coriobacteriales","Eggerthellaceae","Eggerthella","Mottawea et al.","Lavage","[3,4)","*"
3.04456103879889,3.20296569065267,2.12185771476447,1.50951011859352,0.131168471447711,0.010389691649555,"Bacteria","Actinobacteria","Actinobacteria","Micrococcales","Micrococcaceae","Rothia","Lloyd-Price et al.","Biopsy","[3,4)","*"
91131.5007511201,2.87463174956647,0.731517591749269,3.92968232341809,8.50581613725109e-05,3.59296165644254e-05,"Bacteria","Bacteroidetes","Bacteroidia","Bacteroidales","Bacteroidaceae","Bacteroides","Halfvarson et al.","Stool","[2,3)","***"
95.3691028078218,-1.59292406476566,0.656879482750873,-2.42498678463031,0.0153089440236937,0.0424075283483345,"Bacteria","Bacteroidetes","Bacteroidia","Bacteroidales","Bacteroidaceae","Bacteroides","Forbes et al.","Stool","[-2,-1)","*"
111.503149468661,-6.78817550090635,2.39394249130865,-2.83556331263228,0.00457449470102332,0.00112359081003347,"Bacteria","Bacteroidetes","Bacteroidia","Bacteroidales","Barnesiellaceae","Barnesiella","Gevers et al. stool","Stool","[-31,-5)","**"
13.8416910924421,-3.36084985600006,1.94881048795741,-1.72456474180958,0.0846059420889919,0.00228295807079477,"Bacteria","Bacteroidetes","Bacteroidia","Bacteroidales","Barnesiellaceae","Barnesiella","Lloyd-Price et al.","Biopsy","[-4,-3)","**"
18.7471619660049,-23.7074787541155,3.43094498081345,-6.90989767737244,4.85003405451141e-12,2.76451941107151e-10,"Bacteria","Bacteroidetes","Bacteroidia","Bacteroidales","Barnesiellaceae","Coprobacter","Mottawea et al.","Lavage","[-31,-5)","***"
17.9672187652406,-2.33077778592573,1.24515736192448,-1.87187407567774,0.0612240269376835,0.000808424620505502,"Bacteria","Bacteroidetes","Bacteroidia","Bacteroidales","Marinifilaceae","Odoribacter","Lloyd-Price et al.","Biopsy","[-3,-2)","***"
1.63722797526614,-3.42599669102289,2.6256836844411,-1.30480175937573,0.191960359902928,0.0315070492729299,"Bacteria","Bacteroidetes","Bacteroidia","Bacteroidales","Marinifilaceae","Butyricimonas","Lloyd-Price et al.","Biopsy","[-4,-3)","*"
1.70494060171964,-3.0527033608926,2.0234001367109,-1.50869978977805,0.131375519294662,6.36941372471611e-05,"Bacteria","Bacteroidetes","Bacteroidia","Bacteroidales","Marinifilaceae","Odoribacter","Morgan et al. 2012 biopsy","Biopsy","[-4,-3)","***"
0.589567390977254,-27.0331270582604,5.61127235653527,-4.81764657649807,1.45261374622663e-06,1.6572362788736e-07,"Bacteria","Bacteroidetes","Bacteroidia","Bacteroidales","Prevotellaceae","Prevotellaceae_UCG-001","Halfvarson et al.","Stool","[-31,-5)","***"
13.930954774882,23.8685965008595,5.64309629385883,4.22969860125102,2.34004614860428e-05,6.987380496426e-06,"Bacteria","Bacteroidetes","Bacteroidia","Bacteroidales","Prevotellaceae","Prevotellaceae_NK3B31_group","Halfvarson et al.","Stool","[5,30)","***"
503.870188659444,-28.0679192503231,3.52372172716641,-7.96541878830308,1.64665148597663e-15,2.1316282072803e-14,"Bacteria","Bacteroidetes","Bacteroidia","Bacteroidales","Prevotellaceae","Paraprevotella","Jacobs et al.","Stool","[-31,-5)","***"
2.90974356139603,4.84388710308478,2.92724461983002,1.6547599303013,0.0979732049728946,0.00362028589558823,"Bacteria","Bacteroidetes","Bacteroidia","Bacteroidales","Prevotellaceae","Prevotellaceae_NK3B31_group","Lloyd-Price et al.","Biopsy","[4,5)","**"
34.2842381702078,-3.30644498830121,2.27348703682675,-1.45434961129852,0.145849402422854,0.0150559272856933,"Bacteria","Bacteroidetes","Bacteroidia","Bacteroidales","Prevotellaceae","Prevotella_9","Lloyd-Price et al.","Biopsy","[-4,-3)","*"
1.45651263723459,3.84734195635689,2.93034767195748,1.31293020045873,0.189206469261976,0.0311384657928379,"Bacteria","Bacteroidetes","Bacteroidia","Bacteroidales","Prevotellaceae","Prevotella_2","Lloyd-Price et al.","Biopsy","[3,4)","*"
21.2827952889365,-4.37192507053362,3.69337178438396,-1.1837219012228,0.236523166406894,0.00236471755274229,"Bacteria","Bacteroidetes","Bacteroidia","Bacteroidales","Prevotellaceae","Prevotella_9","Morgan et al. 2012 biopsy","Biopsy","[-5,-4)","**"
40.4771785141616,21.0666718327942,3.40320050819354,6.1902529051915,6.00677605212364e-10,2.56789676228286e-08,"Bacteria","Bacteroidetes","Bacteroidia","Bacteroidales","Prevotellaceae","Prevotella","Mottawea et al.","Lavage","[5,30)","***"
16.6133694476251,-2.72751584354191,1.02400022344538,-2.66358910974142,0.00773119323204753,0.0219676918010154,"Bacteria","Bacteroidetes","Bacteroidia","Bacteroidales","Rikenellaceae","Alistipes","Forbes et al.","Stool","[-3,-2)","*"
547.579621977889,27.6212214148284,2.43936963713606,11.3230979816807,1.00844008948692e-29,2.17603712826531e-14,"Bacteria","Firmicutes","Negativicutes","Selenomonadales","Acidaminococcaceae","Acidaminococcus","Halfvarson et al.","Stool","[5,30)","***"
1.49922145968117,2.7508117670235,2.36773026687781,1.1617927115705,0.245319675320068,0.00287836069401789,"Bacteria","Firmicutes","Bacilli","Lactobacillales","Carnobacteriaceae","Granulicatella","Morgan et al. 2012 biopsy","Biopsy","[2,3)","**"
35.9963198596446,-2.6613164895592,1.14259021291601,-2.32919594398348,0.0198486876957114,1.28153708261654e-05,"Bacteria","Firmicutes","Clostridia","Clostridiales","Christensenellaceae","Christensenellaceae_R-7_group","Lloyd-Price et al.","Biopsy","[-3,-2)","***"
7.19416107049409,-19.4947601886242,4.27175844388748,-4.56363824048139,5.02746790962421e-06,5.0141499841061e-09,"Bacteria","Firmicutes","Clostridia","Clostridiales","Clostridiaceae_1","Clostridium_sensu_stricto_2","Gevers et al. stool","Stool","[-31,-5)","***"
11.9056404373146,3.53031766127052,2.78247381238564,1.26876941143381,0.204523317846564,0.000967777656831204,"Bacteria","Firmicutes","Clostridia","Clostridiales","Clostridiaceae_1","Clostridium_sensu_stricto_1","Morgan et al. 2012 biopsy","Biopsy","[3,4)","***"
3027.81024877128,-8.91862861730196,1.63204374322459,-5.46469949370386,4.6369164521012e-08,1.13273244758472e-06,"Bacteria","Firmicutes","Clostridia","Clostridiales","Clostridiaceae_1","Clostridium_sensu_stricto_1","Mottawea et al.","Lavage","[-31,-5)","***"
7.53943011855348,21.8210135227767,3.0372113816675,7.18455542952578,6.74262232791041e-13,1.84741111297626e-13,"Bacteria","Firmicutes","Bacilli","Lactobacillales","Enterococcaceae","Enterococcus","Jacobs et al.","Stool","[5,30)","***"
853.477532579589,5.9624596028956,1.64739106771229,3.61933466786098,0.000295361449009012,6.03195446041704e-06,"Bacteria","Firmicutes","Bacilli","Lactobacillales","Enterococcaceae","Enterococcus","Gevers et al. stool","Stool","[5,30)","***"
23.0890281127693,4.78743132423867,1.68087755891345,2.84817374046765,0.00439709124898583,0.00775118940368205,"Bacteria","Firmicutes","Erysipelotrichia","Erysipelotrichales","Erysipelotrichaceae","Merdibacter","Halfvarson et al.","Stool","[4,5)","**"
227.33877687377,2.71670964406416,1.11769803852272,2.430629338542,0.015072625348845,0.0349989328766579,"Bacteria","Firmicutes","Erysipelotrichia","Erysipelotrichales","Erysipelotrichaceae","Erysipelatoclostridium","Halfvarson et al.","Stool","[2,3)","*"
14.4581930143529,-24.806206902153,2.67595208553308,-9.2700489804216,1.86060462282113e-20,3.574918139293e-14,"Bacteria","Firmicutes","Erysipelotrichia","Erysipelotrichales","Erysipelotrichaceae","Catenibacterium","Forbes et al.","Stool","[-31,-5)","***"
40.6143121931769,2.12940145005032,0.817990691502487,2.60320988022374,0.00923553964701383,0.0250401970627211,"Bacteria","Firmicutes","Erysipelotrichia","Erysipelotrichales","Erysipelotrichaceae","Erysipelatoclostridium","Forbes et al.","Stool","[2,3)","*"
9.10761289763774,3.12058127643341,1.33217496895239,2.34247103358158,0.0191565209288433,0.04924655183698,"Bacteria","Firmicutes","Erysipelotrichia","Erysipelotrichales","Erysipelotrichaceae","Faecalitalea","Forbes et al.","Stool","[3,4)","*"
1704.34575042816,2.66476935800722,0.813733940940439,3.27474279237699,0.00105758216135273,0.0087366479044318,"Bacteria","Firmicutes","Erysipelotrichia","Erysipelotrichales","Erysipelotrichaceae","Erysipelatoclostridium","Jacobs et al.","Stool","[2,3)","**"
8.21160730950478,-17.236750898496,4.15398824515937,-4.149446238463,3.33280548437402e-05,1.29950996408112e-07,"Bacteria","Firmicutes","Erysipelotrichia","Erysipelotrichales","Erysipelotrichaceae","Holdemanella","Gevers et al. stool","Stool","[-31,-5)","***"
22.0064895715583,-2.11085554283064,1.06039076474534,-1.99063931242137,0.0465205550319604,0.0478894015882882,"Bacteria","Firmicutes","Erysipelotrichia","Erysipelotrichales","Erysipelotrichaceae","Holdemania","Gevers et al. stool","Stool","[-3,-2)","*"
26.1755401687301,2.05843093718795,1.11137235549996,1.85215236549765,0.064003946741462,0.000857721685533053,"Bacteria","Firmicutes","Erysipelotrichia","Erysipelotrichales","Erysipelotrichaceae","Erysipelatoclostridium","Lloyd-Price et al.","Biopsy","[2,3)","***"
1.54241338029091,3.92719720265575,2.85051283529429,1.37771602149278,0.168290982789427,0.0213921739597153,"Bacteria","Firmicutes","Erysipelotrichia","Erysipelotrichales","Erysipelotrichaceae","Turicibacter","Lloyd-Price et al.","Biopsy","[3,4)","*"
1.51614386768408,3.90013356033119,2.93012440463069,1.33104708938894,0.183173517060847,0.0286806306237262,"Bacteria","Firmicutes","Erysipelotrichia","Erysipelotrichales","Erysipelotrichaceae","Holdemanella","Lloyd-Price et al.","Biopsy","[3,4)","*"
50.1945914613152,4.43263868277584,1.37368430859902,3.22682486436535,0.00125172049484976,1.33226762955019e-14,"Bacteria","Firmicutes","Erysipelotrichia","Erysipelotrichales","Erysipelotrichaceae","Erysipelatoclostridium","Morgan et al. 2012 biopsy","Biopsy","[4,5)","***"
11.065062999581,3.4001347214457,1.28700060170795,2.64190608530676,0.00824409120758926,6.21724893790088e-14,"Bacteria","Firmicutes","Erysipelotrichia","Erysipelotrichales","Erysipelotrichaceae","Faecalitalea","Morgan et al. 2012 biopsy","Biopsy","[3,4)","***"
6.21966552284331,3.29074818988837,3.75567352151513,0.876207202526168,0.380917401696283,0.0393507261110408,"Bacteria","Firmicutes","Erysipelotrichia","Erysipelotrichales","Erysipelotrichaceae","Holdemanella","Morgan et al. 2012 biopsy","Biopsy","[3,4)","*"
0.906624352975339,2.09577452724517,2.43793705633879,0.859650794427208,0.389981566263054,0.0421818217805253,"Bacteria","Firmicutes","Bacilli","Bacillales","Family_XI","Gemella","Morgan et al. 2012 biopsy","Biopsy","[2,3)","*"
26.4833265895661,26.2478369781565,3.00214149767786,8.74303792757905,2.26924463303711e-18,3.88040832249346e-16,"Bacteria","Firmicutes","Clostridia","Clostridiales","Family_XI","Peptoniphilus","Mottawea et al.","Lavage","[5,30)","***"
8.9973814768915,-3.76004723710546,1.79575227605617,-2.09385631149709,0.0362727820896536,0.03755819310931,"Bacteria","Firmicutes","Clostridia","Clostridiales","Family_XIII","Family_XIII_UCG-001","Gevers et al. stool","Stool","[-4,-3)","*"
84.9280000115958,20.6575407706259,3.50396583692062,5.89547436592026,3.73606508215013e-09,4.25052585721157e-11,"Bacteria","Firmicutes","Clostridia","Clostridiales","Lachnospiraceae","Tyzzerella_4","Halfvarson et al.","Stool","[5,30)","***"
38.6550809001824,5.49606420405453,1.65935424951116,3.31217050589025,0.00092575105009258,0.00105153341490505,"Bacteria","Firmicutes","Clostridia","Clostridiales","Lachnospiraceae","Sellimonas","Halfvarson et al.","Stool","[5,30)","**"
19.5000985370116,5.57599515163951,2.21753246816294,2.51450440148857,0.0119199814673168,0.026540767373281,"Bacteria","Firmicutes","Clostridia","Clostridiales","Lachnospiraceae","Hungatella","Halfvarson et al.","Stool","[5,30)","*"
26.2222749655771,-5.40589213423868,1.2620331683993,-4.28347865143295,1.83993760275037e-05,5.80507542117618e-06,"Bacteria","Firmicutes","Clostridia","Clostridiales","Lachnospiraceae","Coprococcus_2","Forbes et al.","Stool","[-31,-5)","***"
7.30599242098887,-6.54340761324402,1.85171528046312,-3.53370071645544,0.00040978481030394,0.000472124681894837,"Bacteria","Firmicutes","Clostridia","Clostridiales","Lachnospiraceae","CAG-56","Forbes et al.","Stool","[-31,-5)","***"
22.4341705314644,-21.540738198745,3.24407478766127,-6.64002515622467,3.13629620432474e-11,9.27258270166931e-12,"Bacteria","Firmicutes","Clostridia","Clostridiales","Lachnospiraceae","Tyzzerella_3","Jacobs et al.","Stool","[-31,-5)","***"
188.933476073074,-4.95583259697595,1.58878406498859,-3.11926126790021,0.0018130511693568,0.000203125048851494,"Bacteria","Firmicutes","Clostridia","Clostridiales","Lachnospiraceae","Tyzzerella","Gevers et al. stool","Stool","[-5,-4)","***"
8.2154881912202,5.25774561350387,2.08884794734409,2.51705521227092,0.0118340282971268,0.0273203732929268,"Bacteria","Firmicutes","Clostridia","Clostridiales","Lachnospiraceae","Tyzzerella_4","Morgan et al. 2012","Stool","[5,30)","*"
123.82317669325,-1.95164518225999,0.813627397681723,-2.39869648910648,0.0164535462798128,0.0344819103652886,"Bacteria","Firmicutes","Clostridia","Clostridiales","Lachnospiraceae","Agathobacter","Morgan et al. 2012","Stool","[-2,-1)","*"
4.43082235226311,4.87834218687939,2.04128669815509,2.38983685696302,0.0168558583969973,0.0344819103652886,"Bacteria","Firmicutes","Clostridia","Clostridiales","Lachnospiraceae","Hungatella","Morgan et al. 2012","Stool","[4,5)","*"
8.98012380279965,-30.5076455226989,2.26477836879136,-13.4704772630709,2.33352753813751e-41,2.19824158875781e-14,"Bacteria","Firmicutes","Clostridia","Clostridiales","Lachnospiraceae","Tyzzerella_3","Yamada et al.","Stool","[-31,-5)","***"
26.8616587603326,-2.91363074862048,1.10572135283437,-2.63504972672526,0.00841249578023618,3.88442127796651e-07,"Bacteria","Firmicutes","Clostridia","Clostridiales","Lachnospiraceae","Lachnospiraceae_ND3007_group","Lloyd-Price et al.","Biopsy","[-3,-2)","***"
326.74481182621,-1.40961652648126,0.773369178851392,-1.82269550562492,0.0683495213906389,0.00101323413116757,"Bacteria","Firmicutes","Clostridia","Clostridiales","Lachnospiraceae","Anaerostipes","Lloyd-Price et al.","Biopsy","[-2,-1)","**"
12.5007909886481,3.17594079554965,1.92170912570757,1.65266467909407,0.0983991266634898,0.00362028589558823,"Bacteria","Firmicutes","Clostridia","Clostridiales","Lachnospiraceae","Hungatella","Lloyd-Price et al.","Biopsy","[3,4)","**"
12.6338648563635,2.3261624329028,1.65232375548577,1.40781273959165,0.159186527033761,0.0190434787783484,"Bacteria","Firmicutes","Clostridia","Clostridiales","Lachnospiraceae","Eisenbergiella","Lloyd-Price et al.","Biopsy","[2,3)","*"
99.6411563812105,-1.2179126995845,0.877928752519163,-1.38725687715521,0.165363447456159,0.0210188815254322,"Bacteria","Firmicutes","Clostridia","Clostridiales","Lachnospiraceae","Lachnospiraceae_NK4A136_group","Lloyd-Price et al.","Biopsy","[-2,-1)","*"
40.3955915098874,-1.41545650489571,1.1000384486202,-1.28673366523793,0.198187134820909,0.0342685851253074,"Bacteria","Firmicutes","Clostridia","Clostridiales","Lachnospiraceae","GCA-900066575","Lloyd-Price et al.","Biopsy","[-2,-1)","*"
239.215287095103,-0.868969159118391,0.693322640837735,-1.25334023142303,0.210081912928348,0.0398181198352823,"Bacteria","Firmicutes","Clostridia","Clostridiales","Lachnospiraceae","Agathobacter","Lloyd-Price et al.","Biopsy","[-1,0)","*"
60.3036015066283,22.0233020145562,2.48908842915282,8.84793877011916,8.9150538753977e-19,1.33226762955019e-14,"Bacteria","Firmicutes","Clostridia","Clostridiales","Lachnospiraceae","Tyzzerella_4","Morgan et al. 2012 biopsy","Biopsy","[5,30)","***"
13.6273335964243,4.11921121708474,1.91579664987463,2.15012966921844,0.0315449593658594,1.49471292486071e-09,"Bacteria","Firmicutes","Clostridia","Clostridiales","Lachnospiraceae","Lachnospiraceae_UCG-004","Morgan et al. 2012 biopsy","Biopsy","[4,5)","***"
3.42214953862872,3.11515949996043,2.11494208597077,1.47292898497055,0.140770185496836,9.61924609880911e-05,"Bacteria","Firmicutes","Clostridia","Clostridiales","Lachnospiraceae","Coprococcus_1","Morgan et al. 2012 biopsy","Biopsy","[3,4)","***"
48.3925555713717,1.27541622618034,0.879425608019148,1.45028324687194,0.146979548894737,0.000120890593302558,"Bacteria","Firmicutes","Clostridia","Clostridiales","Lachnospiraceae","Blautia","Morgan et al. 2012 biopsy","Biopsy","[1,2)","***"
8.12569394027848,3.27072149308872,2.28584395676104,1.43085947901851,0.152470492331834,0.000141640935443301,"Bacteria","Firmicutes","Clostridia","Clostridiales","Lachnospiraceae","Hungatella","Morgan et al. 2012 biopsy","Biopsy","[3,4)","***"
7.56779735153156,2.24517701833017,1.71649896771471,1.30799788439099,0.190874026859699,0.000634006689688604,"Bacteria","Firmicutes","Clostridia","Clostridiales","Lachnospiraceae","Lachnospira","Morgan et al. 2012 biopsy","Biopsy","[2,3)","***"
11.085923707081,1.59385184589522,1.61258960791305,0.988380328184013,0.322966418048437,0.0156068058837649,"Bacteria","Firmicutes","Clostridia","Clostridiales","Lachnospiraceae","Coprococcus_3","Morgan et al. 2012 biopsy","Biopsy","[1,2)","*"
3.06321657770387,-1.92354674725462,2.21064304631629,-0.870129960809332,0.384229386087769,0.0399372898535077,"Bacteria","Firmicutes","Clostridia","Clostridiales","Lachnospiraceae","Lachnospiraceae_NK4A136_group","Morgan et al. 2012 biopsy","Biopsy","[-2,-1)","*"
3.45446998514563,23.4739289916651,3.34430571897711,7.01907390178576,2.23343634959382e-12,1.90958807890272e-10,"Bacteria","Firmicutes","Clostridia","Clostridiales","Lachnospiraceae","Lachnoanaerobaculum","Mottawea et al.","Lavage","[5,30)","***"
2223.76527562457,-3.46324898164411,0.74407693270154,-4.65442325845259,3.24888810654011e-06,6.17288740242621e-05,"Bacteria","Firmicutes","Clostridia","Clostridiales","Lachnospiraceae","Lachnoclostridium","Mottawea et al.","Lavage","[-4,-3)","***"
122.265212422403,-4.82071872029717,1.57857668696587,-3.05383879041246,0.00225933454311235,0.0351223824429284,"Bacteria","Firmicutes","Clostridia","Clostridiales","Lachnospiraceae","Eisenbergiella","Mottawea et al.","Lavage","[-5,-4)","*"
906.970572139617,5.68735088517061,1.47585815249103,3.85358909700854,0.000116398878735197,1.16731726433154e-06,"Bacteria","Firmicutes","Bacilli","Lactobacillales","Lactobacillaceae","Lactobacillus","Gevers et al. stool","Stool","[5,30)","***"
38.873026081101,6.18503536083513,2.87265792454487,2.15307061379926,0.0313131293377791,0.0327281448056986,"Bacteria","Firmicutes","Bacilli","Lactobacillales","Lactobacillaceae","Pediococcus","Gevers et al. stool","Stool","[5,30)","*"
23.6204519011322,4.59362323960108,1.57770927983531,2.91157775282947,0.00359608394417384,0.00662241214800356,"Bacteria","Firmicutes","Bacilli","Lactobacillales","Lactobacillaceae","Lactobacillus","Morgan et al. 2012","Stool","[4,5)","**"
211.643630595669,2.50359507685273,0.966678236047353,2.58989494486776,0.00960052254255583,0.00384932965743184,"Bacteria","Firmicutes","Clostridia","Clostridiales","Peptostreptococcaceae","Intestinibacter","Gevers et al. stool","Stool","[2,3)","**"
12.3254780210834,-24.1145681925669,4.21474498645849,-5.72147740137169,1.05601706163254e-08,3.61157835078328e-07,"Bacteria","Firmicutes","Clostridia","Clostridiales","Peptostreptococcaceae","Romboutsia","Mottawea et al.","Lavage","[-31,-5)","***"
648.897402839404,-3.05958777174325,1.02201921832974,-2.99366950921279,0.0027564434437648,0.0367966671033312,"Bacteria","Firmicutes","Clostridia","Clostridiales","Peptostreptococcaceae","Intestinibacter","Mottawea et al.","Lavage","[-4,-3)","*"
210.297952410121,5.27673081929761,1.01480969227629,5.19972449953796,1.99584131569657e-07,1.1187975212934e-08,"Bacteria","Firmicutes","Clostridia","Clostridiales","Ruminococcaceae","Flavonifractor","Halfvarson et al.","Stool","[5,30)","***"
157.888514882236,2.85576429500917,0.871690575589844,3.27612156765233,0.00105243249288466,0.00115190859860698,"Bacteria","Firmicutes","Clostridia","Clostridiales","Ruminococcaceae","Oscillibacter","Halfvarson et al.","Stool","[2,3)","**"
10.6505250028565,3.58070717786838,1.1240286835897,3.18560124856691,0.00144453547416499,0.00167288968398512,"Bacteria","Firmicutes","Clostridia","Clostridiales","Ruminococcaceae","Candidatus_Soleaferrea","Halfvarson et al.","Stool","[3,4)","**"
20.8881168820052,3.22428226736605,1.1434534437661,2.8197757284691,0.00480572240049534,0.00818428108362523,"Bacteria","Firmicutes","Clostridia","Clostridiales","Ruminococcaceae","DTU089","Halfvarson et al.","Stool","[3,4)","**"
7.23633632540483,-4.72872884753895,1.39418224559237,-3.39175804489591,0.000694457358799161,0.000835086590085554,"Bacteria","Firmicutes","Clostridia","Clostridiales","Ruminococcaceae","Intestinimonas","Forbes et al.","Stool","[-5,-4)","***"
7.87328360254456,-4.43960567026538,1.44647496351206,-3.06925856461834,0.00214590777098437,0.00378144403278372,"Bacteria","Firmicutes","Clostridia","Clostridiales","Ruminococcaceae","Ruminococcaceae_UCG-010","Forbes et al.","Stool","[-5,-4)","**"
49.2800383746001,-2.46925639712052,0.9682759199314,-2.55015780759627,0.0107674168404355,0.0279583769817841,"Bacteria","Firmicutes","Clostridia","Clostridiales","Ruminococcaceae","Ruminococcaceae_UCG-002","Forbes et al.","Stool","[-3,-2)","*"
24.8759571731999,-23.6819884499479,2.02342365212213,-11.7039199502836,1.21698931260683e-31,2.1316282072803e-14,"Bacteria","Firmicutes","Clostridia","Clostridiales","Ruminococcaceae","Ruminococcaceae_UCG-007","Jacobs et al.","Stool","[-31,-5)","***"
126.367659788643,-25.8499956202452,3.76409705631294,-6.86751569726159,6.53295660534179e-12,1.67972302733688e-12,"Bacteria","Firmicutes","Clostridia","Clostridiales","Ruminococcaceae","CAG-352","Jacobs et al.","Stool","[-31,-5)","***"
1849.97297247578,-4.35205593096846,1.43632193435046,-3.03000032714572,0.00244553473823317,0.0207893983537115,"Bacteria","Firmicutes","Clostridia","Clostridiales","Ruminococcaceae","Ruminiclostridium_6","Jacobs et al.","Stool","[-5,-4)","*"
56.3874998047113,-2.84093550459755,1.36043445480877,-2.0882560674317,0.0367747421320038,0.03755819310931,"Bacteria","Firmicutes","Clostridia","Clostridiales","Ruminococcaceae","Ruminococcaceae_UCG-004","Gevers et al. stool","Stool","[-3,-2)","*"
2.96085412856967,-5.23432181896291,2.60028430272469,-2.01298058580677,0.0441166718001798,0.0461949418983228,"Bacteria","Firmicutes","Clostridia","Clostridiales","Ruminococcaceae","Fournierella","Gevers et al. stool","Stool","[-31,-5)","*"
10.6649811017767,3.45462611360819,0.964724839368854,3.58094450627837,0.000342354369594457,0.000426913517235228,"Bacteria","Firmicutes","Clostridia","Clostridiales","Ruminococcaceae","Flavonifractor","Morgan et al. 2012","Stool","[3,4)","***"
6.3109955996127,5.1753423827053,1.49344468609036,3.46537265886538,0.000529497214882177,0.000436165952026446,"Bacteria","Firmicutes","Clostridia","Clostridiales","Ruminococcaceae","Negativibacillus","Morgan et al. 2012","Stool","[5,30)","***"
90.7446815253617,-3.75895403233822,1.47067028186278,-2.55594614149479,0.0105899508597328,0.0273203732929268,"Bacteria","Firmicutes","Clostridia","Clostridiales","Ruminococcaceae","Ruminococcus_2","Morgan et al. 2012","Stool","[-4,-3)","*"
11.7046942081722,4.89274881024961,1.86318708656951,2.62601047716476,0.00863921581490881,6.66133814775094e-14,"Bacteria","Firmicutes","Clostridia","Clostridiales","Ruminococcaceae","Fournierella","Morgan et al. 2012 biopsy","Biopsy","[4,5)","***"
7.02385220569225,2.23378574922546,1.36209192336718,1.63996695884035,0.101012037124641,9.98126904091142e-06,"Bacteria","Firmicutes","Clostridia","Clostridiales","Ruminococcaceae","Flavonifractor","Morgan et al. 2012 biopsy","Biopsy","[2,3)","***"
0.798717987958,3.62073238264498,3.8216295316102,0.947431547902925,0.343418921721185,0.0221931801086475,"Bacteria","Firmicutes","Clostridia","Clostridiales","Ruminococcaceae","Oscillospira","Morgan et al. 2012 biopsy","Biopsy","[3,4)","*"
8.05746939230265,-18.761510265976,3.97430485249417,-4.72070235231246,2.3503165877061e-06,5.0238017062218e-05,"Bacteria","Firmicutes","Clostridia","Clostridiales","Ruminococcaceae","Negativibacillus","Mottawea et al.","Lavage","[-31,-5)","***"
1312.5884774092,1.32008376934252,0.558457035821738,2.36380542220243,0.0180883100294507,0.04924655183698,"Bacteria","Firmicutes","Bacilli","Lactobacillales","Streptococcaceae","Streptococcus","Forbes et al.","Stool","[1,2)","*"
67.3718444997147,24.6398226601639,3.1895472109102,7.72517885168173,1.11696402600206e-14,2.17603712826531e-14,"Bacteria","Firmicutes","Negativicutes","Selenomonadales","Veillonellaceae","Megasphaera","Halfvarson et al.","Stool","[5,30)","***"
1714.760619738,-2.76649457954254,1.06909201169986,-2.58770484604389,0.00966177287544913,0.00384932965743184,"Bacteria","Firmicutes","Negativicutes","Selenomonadales","Veillonellaceae","Dialister","Gevers et al. stool","Stool","[-3,-2)","**"
15.7292481217961,4.49563418301206,1.98529606121299,2.26446537161076,0.0235455072440062,1.66746616514502e-10,"Bacteria","Firmicutes","Negativicutes","Selenomonadales","Veillonellaceae","Dialister","Morgan et al. 2012 biopsy","Biopsy","[4,5)","***"
9.41349224167889,2.81502053616998,1.50872098038567,1.86583243208455,0.0620648132735325,2.70593021323151e-07,"Bacteria","Firmicutes","Negativicutes","Selenomonadales","Veillonellaceae","Veillonella","Morgan et al. 2012 biopsy","Biopsy","[2,3)","***"
1264.00879816465,4.30985608581611,1.02820134119701,4.19164604550961,2.76937824468529e-05,0.000473563679841185,"Bacteria","Firmicutes","Negativicutes","Selenomonadales","Veillonellaceae","Veillonella","Mottawea et al.","Lavage","[4,5)","***"
65.5244383907286,4.01671735773097,1.34375885984234,2.98916530172849,0.00279740744060412,0.0367966671033312,"Bacteria","Firmicutes","Negativicutes","Selenomonadales","Veillonellaceae","Dialister","Mottawea et al.","Lavage","[4,5)","*"
1257.91231274532,6.7934751887185,1.19545210100849,5.6827665307439,1.3253313819005e-08,3.77719443841643e-07,"Bacteria","Fusobacteria","Fusobacteriia","Fusobacteriales","Fusobacteriaceae","Fusobacterium","Mottawea et al.","Lavage","[5,30)","***"
111.619632932718,5.6093314175463,1.94273511913017,2.88733721973265,0.00388517582248873,0.0442910043763715,"Bacteria","Fusobacteria","Fusobacteriia","Fusobacteriales","Leptotrichiaceae","Leptotrichia","Mottawea et al.","Lavage","[5,30)","*"
244.094501704525,3.84854220259313,1.48479889637046,2.59196192292489,0.00954303331787535,0.0205551306131504,"Bacteria","Proteobacteria","Gammaproteobacteria","Betaproteobacteriales","Burkholderiaceae","Parasutterella","Halfvarson et al.","Stool","[3,4)","*"
105.336856880392,-3.12907115839781,1.35551682477008,-2.30839713769583,0.0209770580536813,0.0163234507462548,"Bacteria","Proteobacteria","Deltaproteobacteria","Desulfovibrionales","Desulfovibrionaceae","Bilophila","Gevers et al. stool","Stool","[-4,-3)","*"
2.00660517910409,-4.60946772600831,2.30624761018249,-1.9986872639593,0.0456422018764165,0.000313549096671384,"Bacteria","Proteobacteria","Deltaproteobacteria","Desulfovibrionales","Desulfovibrionaceae","Desulfovibrio","Lloyd-Price et al.","Biopsy","[-5,-4)","***"
6.28836874381994,19.1643444342112,3.26582361943551,5.8681504782318,4.40683217232062e-09,2.73123745841986e-11,"Bacteria","Proteobacteria","Gammaproteobacteria","Enterobacteriales","Enterobacteriaceae","Klebsiella","Forbes et al.","Stool","[5,30)","***"
5.95580164141112,21.9213191229345,2.92564776943384,7.49280872152857,6.74151152172986e-14,4.30766533554561e-14,"Bacteria","Proteobacteria","Gammaproteobacteria","Enterobacteriales","Enterobacteriaceae","Citrobacter","Lloyd-Price et al.","Biopsy","[5,30)","***"
4.17376966657519,4.16757591888164,2.75638873029551,1.5119695829096,0.130541600703525,0.010389691649555,"Bacteria","Proteobacteria","Gammaproteobacteria","Enterobacteriales","Enterobacteriaceae","Klebsiella","Lloyd-Price et al.","Biopsy","[4,5)","*"
115.106722668042,3.18650514414249,1.39111609859331,2.29061050142735,0.0219859510248504,1.15081277840545e-10,"Bacteria","Proteobacteria","Gammaproteobacteria","Enterobacteriales","Enterobacteriaceae","Cronobacter","Morgan et al. 2012 biopsy","Biopsy","[3,4)","***"
0.771330067195868,2.27937694566256,2.44739185536562,0.93134940392373,0.351672854063664,0.0247566240072516,"Bacteria","Proteobacteria","Gammaproteobacteria","Pseudomonadales","Moraxellaceae","Acinetobacter","Morgan et al. 2012 biopsy","Biopsy","[2,3)","*"
5.64842039154254,22.1906863210003,5.64325076824184,3.93225239003756,8.41536428130737e-05,3.59296165644254e-05,"Bacteria","Proteobacteria","Gammaproteobacteria","Pasteurellales","Pasteurellaceae","Aggregatibacter","Halfvarson et al.","Stool","[5,30)","***"
48.1474141614666,2.07174270533898,1.0024262809685,2.0667282419385,0.0387597684217333,0.00019069137578076,"Bacteria","Proteobacteria","Gammaproteobacteria","Pasteurellales","Pasteurellaceae","Haemophilus","Lloyd-Price et al.","Biopsy","[2,3)","***"
15.6569972626792,1.83186180629589,1.69202407405559,1.0826452379635,0.278965919579258,0.00621782281739464,"Bacteria","Proteobacteria","Gammaproteobacteria","Pasteurellales","Pasteurellaceae","Haemophilus","Morgan et al. 2012 biopsy","Biopsy","[1,2)","**"
872.979398455581,1.48352431426319,0.420081461119664,3.53151579293473,0.000413185187940769,0.0487896723775374,"Bacteria","Proteobacteria","Gammaproteobacteria","Pasteurellales","Pasteurellaceae","Haemophilus","Gevers et al.","Biopsy","[1,2)","*"
0.787153266153678,-2.67390426041606,2.242985716971,-1.19211827350688,0.23321487280035,0.00227222581934756,"Bacteria","Proteobacteria","Gammaproteobacteria","Xanthomonadales","Xanthomonadaceae","Stenotrophomonas","Morgan et al. 2012 biopsy","Biopsy","[-3,-2)","**"
181.50820951474,-3.25034351379326,1.65136428555665,-1.96827770966212,0.0490360932248534,0.000357969883898024,"Bacteria","Verrucomicrobia","Verrucomicrobiae","Verrucomicrobiales","Akkermansiaceae","Akkermansia","Lloyd-Price et al.","Biopsy","[-4,-3)","***"
0.916162948533582,-3.93002293180182,3.52284459109046,-1.11558226035322,0.264600989013921,0.00457477609241685,"Bacteria","Verrucomicrobia","Verrucomicrobiae","Verrucomicrobiales","Akkermansiaceae","Akkermansia","Morgan et al. 2012 biopsy","Biopsy","[-4,-3)","**"
